reviewerID,asin,overall,title
User1,B00000JDG9,1,Microsoft Sidewinder Force Feedback Wheel
User1,B00000JBUU,4,Interact MakoPad SV234 Analog Digital Gamepad
User1,9572132148,5,PINK Silicone Skin Case for Nintendo DS Lite / NDSL / DSL + Screen Protector stickers (2 Pack)
User1,B000007VDN,1,Underworld
User1,B00000JDFT,3,Microsoft Sidewinder Precision Pro Joystick
User1,B00000JBUQ,5,Interact P210 Performance Raider Pro Joystick for Windows 95/98
User1,9888030590,5,DSi XL Alunminum Metallic Armor Hard Case XL with Screen Protective Filter - Green
User1,9625992421,1,DSi XL Alunminum Metallic Armor Hard Case XL with Screen Protective Filter - Rose Red
User2,B000005B85,3,Silencing the Gossip Queen [VHS]
User2,0984529527,5,Dark Age Apocalypse: Forcelists HC
User2,B00000JBL1,1,Microsoft Sidewinder Game Pad for WIN95
User2,9625992480,1,DSi XL Alunminum Metallic Armor Hard Case XL with Screen Protective Filter - Black
User2,B00000JDG9,3,Microsoft Sidewinder Force Feedback Wheel
User2,B00000JKMB,5,Gravis PC Gamepad
User2,9572132148,5,PINK Silicone Skin Case for Nintendo DS Lite / NDSL / DSL + Screen Protector stickers (2 Pack)
User2,9888030590,2,DSi XL Alunminum Metallic Armor Hard Case XL with Screen Protective Filter - Green
User3,B00000JKMB,5,Gravis PC Gamepad
User3,B000007VDN,4,Underworld
User3,B00000JBUU,4,Interact MakoPad SV234 Analog Digital Gamepad
User3,1574571931,4,Rifts RPG: The Rifter&reg; #56
User3,1616614765,1,The Enemy Within: A Campaign for Warhammer Fantasy Roleplay
User3,B00000JBL1,5,Microsoft Sidewinder Game Pad for WIN95
User3,B000005B85,1,Silencing the Gossip Queen [VHS]
User3,B00000JDG9,2,Microsoft Sidewinder Force Feedback Wheel
User4,B00000JKMB,4,Gravis PC Gamepad
User4,B00000JDG9,4,Microsoft Sidewinder Force Feedback Wheel
User4,0984529527,3,Dark Age Apocalypse: Forcelists HC
User4,9572132148,5,PINK Silicone Skin Case for Nintendo DS Lite / NDSL / DSL + Screen Protector stickers (2 Pack)
User4,9625992480,2,DSi XL Alunminum Metallic Armor Hard Case XL with Screen Protective Filter - Black
User4,9888035878,1,DSi XL Alunminum Metallic Armor Hard Case XL with Screen Protective Filter - Silver
User4,B00000JBUQ,3,Interact P210 Performance Raider Pro Joystick for Windows 95/98
User4,1616614765,5,The Enemy Within: A Campaign for Warhammer Fantasy Roleplay
User5,B00000JDFT,4,Microsoft Sidewinder Precision Pro Joystick
User5,1616614765,1,The Enemy Within: A Campaign for Warhammer Fantasy Roleplay
User5,B00000JDDR,4,Microsoft Sidewinder Joystick
User5,B00000JDG9,1,Microsoft Sidewinder Force Feedback Wheel
User5,B00000JKMB,3,Gravis PC Gamepad
User5,B00000JKMC,2,Gravis BlackHawk - Joystick - 5 button(s) - black
User5,9888030590,4,DSi XL Alunminum Metallic Armor Hard Case XL with Screen Protective Filter - Green
User5,962599243X,5,DSi XL Alunminum Metallic Armor Hard Case XL with Screen Protective Filter - Red Pink
User6,B00000JDG9,5,Microsoft Sidewinder Force Feedback Wheel
User6,9861019731,3,64MB 1019 Block Memory Card compatible for Wii &amp; Gamecube
User6,962599243X,2,DSi XL Alunminum Metallic Armor Hard Case XL with Screen Protective Filter - Red Pink
User6,9625992480,1,DSi XL Alunminum Metallic Armor Hard Case XL with Screen Protective Filter - Black
User6,9862511095,2,DSi XL Alunminum Metallic Armor Hard Case XL with Screen Protective Filter - Pink
User6,1616614765,3,The Enemy Within: A Campaign for Warhammer Fantasy Roleplay
User6,B00000JBL1,3,Microsoft Sidewinder Game Pad for WIN95
User6,B00000JBUU,5,Interact MakoPad SV234 Analog Digital Gamepad
User7,1574571931,2,Rifts RPG: The Rifter&reg; #56
User7,962599243X,5,DSi XL Alunminum Metallic Armor Hard Case XL with Screen Protective Filter - Red Pink
User7,1616614765,4,The Enemy Within: A Campaign for Warhammer Fantasy Roleplay
User7,B00000JKMC,2,Gravis BlackHawk - Joystick - 5 button(s) - black
User7,B00000JDG9,2,Microsoft Sidewinder Force Feedback Wheel
User7,B000005B85,2,Silencing the Gossip Queen [VHS]
User7,9888035878,2,DSi XL Alunminum Metallic Armor Hard Case XL with Screen Protective Filter - Silver
User7,0984529527,3,Dark Age Apocalypse: Forcelists HC
User8,9625992480,4,DSi XL Alunminum Metallic Armor Hard Case XL with Screen Protective Filter - Black
User8,9861019731,1,64MB 1019 Block Memory Card compatible for Wii &amp; Gamecube
User8,9625992421,4,DSi XL Alunminum Metallic Armor Hard Case XL with Screen Protective Filter - Rose Red
User8,9888035878,1,DSi XL Alunminum Metallic Armor Hard Case XL with Screen Protective Filter - Silver
User8,B000007VDN,1,Underworld
User8,B000005B85,1,Silencing the Gossip Queen [VHS]
User8,B00000JBL1,2,Microsoft Sidewinder Game Pad for WIN95
User8,9888030590,1,DSi XL Alunminum Metallic Armor Hard Case XL with Screen Protective Filter - Green
User9,9625992421,3,DSi XL Alunminum Metallic Armor Hard Case XL with Screen Protective Filter - Rose Red
User9,9882155456,4,"2 Pack - Gator Crunch Wii Gamecube 6FT Extension Cable / Cord (Lifetime Warranty, Bulk packaging)"
User9,962599243X,3,DSi XL Alunminum Metallic Armor Hard Case XL with Screen Protective Filter - Red Pink
User9,9572132148,2,PINK Silicone Skin Case for Nintendo DS Lite / NDSL / DSL + Screen Protector stickers (2 Pack)
User9,9861019731,5,64MB 1019 Block Memory Card compatible for Wii &amp; Gamecube
User9,B00000JDFT,3,Microsoft Sidewinder Precision Pro Joystick
User9,B00000JBUU,5,Interact MakoPad SV234 Analog Digital Gamepad
User9,9625992480,5,DSi XL Alunminum Metallic Armor Hard Case XL with Screen Protective Filter - Black
User10,B00000JBL1,1,Microsoft Sidewinder Game Pad for WIN95
User10,962599243X,3,DSi XL Alunminum Metallic Armor Hard Case XL with Screen Protective Filter - Red Pink
User10,1616614765,2,The Enemy Within: A Campaign for Warhammer Fantasy Roleplay
User10,9888035878,4,DSi XL Alunminum Metallic Armor Hard Case XL with Screen Protective Filter - Silver
User10,9861019731,2,64MB 1019 Block Memory Card compatible for Wii &amp; Gamecube
User10,B00000JDG9,1,Microsoft Sidewinder Force Feedback Wheel
User10,9572132148,2,PINK Silicone Skin Case for Nintendo DS Lite / NDSL / DSL + Screen Protector stickers (2 Pack)
User10,B00000JKMB,3,Gravis PC Gamepad
